--Correr esto primero, antes de iniciar Sprign la primera vez
DROP TABLE IF EXISTS asignacion_catedratico_curso CASCADE;
DROP TABLE IF EXISTS asignacion_estudiante_curso CASCADE;
DROP TABLE IF EXISTS asignacion_horario_curso CASCADE;
DROP TABLE IF EXISTS catedratico CASCADE;
DROP TABLE IF EXISTS coordinador CASCADE;
DROP TABLE IF EXISTS curso CASCADE;
DROP TABLE IF EXISTS coordinador CASCADE;
DROP TABLE IF EXISTS curso CASCADE;
DROP TABLE IF EXISTS estudiante CASCADE;
DROP TABLE IF EXISTS facultad CASCADE;
DROP TABLE IF EXISTS horario CASCADE;
DROP TABLE IF EXISTS registro CASCADE;
DROP TABLE IF EXISTS usuario CASCADE;
--Borrar las lineas de arriba y eliminar  los  /* */ 
/*
INSERT INTO public.horario (id_horario, dia, estado, hora_fin, hora_inicio, jornada) VALUES (1, 'L', 'A', '20:25 1/1/1997', '19:40 1/1/1997', 'N');
INSERT INTO public.horario (id_horario, dia, estado, hora_fin, hora_inicio, jornada) VALUES (8, 'M', 'A', '19:35 1/1/1997', '18:50 1/1/1997', 'N');
INSERT INTO public.horario (id_horario, dia, estado, hora_fin, hora_inicio, jornada) VALUES (13, 'X', 'A', '20:25 1/1/1997', '19:40 1/1/1997', 'N');
INSERT INTO public.horario (id_horario, dia, estado, hora_fin, hora_inicio, jornada) VALUES (19, 'J', 'A', '21:15 1/1/1997', '20:30 1/1/1997', 'N');
INSERT INTO public.horario (id_horario, dia, estado, hora_fin, hora_inicio, jornada) VALUES (22, 'J', 'A', '22:05 1/1/1997', '21:20 1/1/1997', 'N');
INSERT INTO public.horario (id_horario, dia, estado, hora_fin, hora_inicio, jornada) VALUES (2, 'L', 'A', '22:05 1/1/1997', '21:20 1/1/1997', 'N');
INSERT INTO public.horario (id_horario, dia, estado, hora_fin, hora_inicio, jornada) VALUES (7, 'M', 'A', '20:25 1/1/1997', '19:40 1/1/1997', 'N');
INSERT INTO public.horario (id_horario, dia, estado, hora_fin, hora_inicio, jornada) VALUES (16, 'J', 'A', '20:25 1/1/1997', '19:40 1/1/1997', 'N');
INSERT INTO public.horario (id_horario, dia, estado, hora_fin, hora_inicio, jornada) VALUES (21, 'V', 'A', '18:45 1/1/1997', '18:00 1/1/1997', 'N');
INSERT INTO public.horario (id_horario, dia, estado, hora_fin, hora_inicio, jornada) VALUES (4, 'M', 'A', '18:45 1/1/1997', '18:00 1/1/1997', 'N');
INSERT INTO public.horario (id_horario, dia, estado, hora_fin, hora_inicio, jornada) VALUES (9, 'X', 'A', '18:45 1/1/1997', '18:00 1/1/1997', 'N');
INSERT INTO public.horario (id_horario, dia, estado, hora_fin, hora_inicio, jornada) VALUES (15, 'X', 'A', '22:05 1/1/1997', '21:20 1/1/1997', 'N');
INSERT INTO public.horario (id_horario, dia, estado, hora_fin, hora_inicio, jornada) VALUES (24, 'V', 'A', '19:35 1/1/1997', '18:50 1/1/1997', 'N');
INSERT INTO public.horario (id_horario, dia, estado, hora_fin, hora_inicio, jornada) VALUES (3, 'L', 'A', '19:35 1/1/1997', '18:50 1/1/1997', 'N');
INSERT INTO public.horario (id_horario, dia, estado, hora_fin, hora_inicio, jornada) VALUES (6, 'L', 'A', '18:45 1/1/1997', '18:00 1/1/1997', 'N');
INSERT INTO public.horario (id_horario, dia, estado, hora_fin, hora_inicio, jornada) VALUES (5, 'L', 'A', '21:15 1/1/1997', '20:30 1/1/1997', 'N');
INSERT INTO public.horario (id_horario, dia, estado, hora_fin, hora_inicio, jornada) VALUES (10, 'M', 'A', '21:15 1/1/1997', '20:30 1/1/1997', 'N');
INSERT INTO public.horario (id_horario, dia, estado, hora_fin, hora_inicio, jornada) VALUES (11, 'M', 'A', '22:05 1/1/1997', '21:20 1/1/1997', 'N');
INSERT INTO public.horario (id_horario, dia, estado, hora_fin, hora_inicio, jornada) VALUES (12, 'X', 'A', '19:35 1/1/1997', '18:50 1/1/1997', 'N');
INSERT INTO public.horario (id_horario, dia, estado, hora_fin, hora_inicio, jornada) VALUES (14, 'X', 'A', '21:15 1/1/1997', '20:30 1/1/1997', 'N');
INSERT INTO public.horario (id_horario, dia, estado, hora_fin, hora_inicio, jornada) VALUES (17, 'J', 'A', '19:35 1/1/1997', '18:50 1/1/1997', 'N');
INSERT INTO public.horario (id_horario, dia, estado, hora_fin, hora_inicio, jornada) VALUES (18, 'J', 'A', '18:45 1/1/1997', '18:00 1/1/1997', 'N');
INSERT INTO public.horario (id_horario, dia, estado, hora_fin, hora_inicio, jornada) VALUES (20, 'V', 'A', '21:15 1/1/1997', '20:30 1/1/1997', 'N');
INSERT INTO public.horario (id_horario, dia, estado, hora_fin, hora_inicio, jornada) VALUES (23, 'V', 'A', '20:25 1/1/1997', '19:40 1/1/1997', 'N');
INSERT INTO public.horario (id_horario, dia, estado, hora_fin, hora_inicio, jornada) VALUES (25, 'V', 'A', '22:05 1/1/1997', '21:20 1/1/1997', 'N');


INSERT INTO public.usuario (id_usuario, clave, correo, id_rol, numero_telefono, usuario) VALUES (1, 'Morozcop', 'morozcop@gmail.com', 1, '56351533', 'morozcop');
INSERT INTO public.usuario (id_usuario, clave, correo, id_rol, numero_telefono, usuario) VALUES (2, 'Ereyes', 'ereyes@gmail.com', 1, '56648798', 'ereyes');
INSERT INTO public.usuario (id_usuario, clave, correo, id_rol, numero_telefono, usuario) VALUES (3, 'Atorres', 'atorres@gmail.com', 1, '55687999', 'atorres');
INSERT INTO public.usuario (id_usuario, clave, correo, id_rol, numero_telefono, usuario) VALUES (4, 'Rchocr', 'rchocr@gmail.com', 1, '56354411', 'rchocr');
INSERT INTO public.usuario (id_usuario, clave, correo, id_rol, numero_telefono, usuario) VALUES (5, 'Ecrodriguez', 'ecrodriguez@gmail.com', 1, '78985654', 'ecrodriguez');
INSERT INTO public.usuario (id_usuario, clave, correo, id_rol, numero_telefono, usuario) VALUES (6, 'Fmartinez', 'fmartinez@gmail.com', 1, '56321445', 'fmartinez');
INSERT INTO public.usuario (id_usuario, clave, correo, id_rol, numero_telefono, usuario) VALUES (7, 'Eramirez', 'eramirez@gmail.com', 1, '46559845', 'eramirez');
INSERT INTO public.usuario (id_usuario, clave, correo, id_rol, numero_telefono, usuario) VALUES (8, 'Mlopezl', 'mlopezl@gmail.com', 1, '98475231', 'mlopezl');
INSERT INTO public.usuario (id_usuario, clave, correo, id_rol, numero_telefono, usuario) VALUES (9, 'Eherrarte', 'eherrarte@gmail.com', 1, '12414525', 'eherrarte');
INSERT INTO public.usuario (id_usuario, clave, correo, id_rol, numero_telefono, usuario) VALUES (10, 'Rbianchi', 'rbianchi@gmail.com', 1, '55664411', 'rbianchi');
INSERT INTO public.usuario (id_usuario, clave, correo, id_rol, numero_telefono, usuario) VALUES (11, 'Laguilarh', 'laguilarh@gmail.com', 1, '56351533', 'laguilarh');
INSERT INTO public.usuario (id_usuario, clave, correo, id_rol, numero_telefono, usuario) VALUES (12, 'Smendez', 'smendez@gmail.com', 1, '23565414', 'smendez');
INSERT INTO public.usuario (id_usuario, clave, correo, id_rol, numero_telefono, usuario) VALUES (13, 'Fayala', 'fayala@gmail.com', 1, '56544566', 'fayala');
INSERT INTO public.usuario (id_usuario, clave, correo, id_rol, numero_telefono, usuario) VALUES (14, 'Asanchez', 'asanchez@gmail.com', 1, '12134565', 'asanchez');
INSERT INTO public.usuario (id_usuario, clave, correo, id_rol, numero_telefono, usuario) VALUES (15, 'Ccalderon', 'ccalderon@gmail.com', 1, '68541535', 'ccalderon');
INSERT INTO public.usuario (id_usuario, clave, correo, id_rol, numero_telefono, usuario) VALUES (16, 'Rmendia', 'rmendia@gmail.com', 1, '35654565', 'rmendia');
INSERT INTO public.usuario (id_usuario, clave, correo, id_rol, numero_telefono, usuario) VALUES (17, 'Hfaggioly', 'hfaggioly@gmail.com', 1, '65849866', 'hfaggioly');
INSERT INTO public.usuario (id_usuario, clave, correo, id_rol, numero_telefono, usuario) VALUES (18, 'Fcabezas', 'fcabezas@gmail.com', 1, '56451235', 'fcabezas');
INSERT INTO public.usuario (id_usuario, clave, correo, id_rol, numero_telefono, usuario) VALUES (19, 'Paulorosales', 'paulorosales@gmail.com', 1, '55664488', 'paulorosales');
INSERT INTO public.usuario (id_usuario, clave, correo, id_rol, numero_telefono, usuario) VALUES (20, 'Josuehernandez', 'josuehernandez@gmail.com', 1, '22556611', 'josuehernandez');
INSERT INTO public.usuario (id_usuario, clave, correo, id_rol, numero_telefono, usuario) VALUES (21, 'Sofibarillas', 'sofibarillas@gmail.com', 1, '45128566', 'sofibarillas');
INSERT INTO public.usuario (id_usuario, clave, correo, id_rol, numero_telefono, usuario) VALUES (22, 'Gersoncitoc', 'gersoncitoc@gmail.com', 1, '45213685', 'gersoncitoc');
INSERT INTO public.usuario (id_usuario, clave, correo, id_rol, numero_telefono, usuario) VALUES (23, 'Fideleiva', 'fideleiva@gmail.com', 1, '45685451', 'fideleiva');
INSERT INTO public.usuario (id_usuario, clave, correo, id_rol, numero_telefono, usuario) VALUES (24, 'Marquitosguti', 'marquitosguti@gmail.com', 1, '525141235', 'marquitosguti');
INSERT INTO public.usuario (id_usuario, clave, correo, id_rol, numero_telefono, usuario) VALUES (25, 'Rudycito', 'rudycito@gmail.com', 1, '14568741', 'rudycito');
INSERT INTO public.usuario (id_usuario, clave, correo, id_rol, numero_telefono, usuario) VALUES (26, 'Abbdelito', 'abbdelito@gmail.com', 1, '56983241', 'abbdelito');
INSERT INTO public.usuario (id_usuario, clave, correo, id_rol, numero_telefono, usuario) VALUES (27, 'Samujere', 'samujere@gmail.com', 1, '45842535', 'samujere');
INSERT INTO public.usuario (id_usuario, clave, correo, id_rol, numero_telefono, usuario) VALUES (28, 'Estebandido', 'estebandido12@gmail.com', 1, '56238974', 'estebandido');
INSERT INTO public.usuario (id_usuario, clave, correo, id_rol, numero_telefono, usuario) VALUES (29, 'Maelymoran', 'maelymoran@gmail.com', 1, '47855896', 'maelymoran');
INSERT INTO public.usuario (id_usuario, clave, correo, id_rol, numero_telefono, usuario) VALUES (30, 'Luicito', 'luicito@gmail.com', 1, '14254545', 'luicito');
INSERT INTO public.usuario (id_usuario, clave, correo, id_rol, numero_telefono, usuario) VALUES (31, 'Andresitouwu', 'andresitouwu@gmail.com', 1, '14258754', 'andresitouwu');
INSERT INTO public.usuario (id_usuario, clave, correo, id_rol, numero_telefono, usuario) VALUES (32, 'Hidrotonica', 'hidrotonica@gmail.com', 1, '78955885', 'hidrotonica');
INSERT INTO public.usuario (id_usuario, clave, correo, id_rol, numero_telefono, usuario) VALUES (33, 'Alexisuwu', 'alexisuwu@gmail.com', 1, '52526585', 'alexisuwu');
INSERT INTO public.usuario (id_usuario, clave, correo, id_rol, numero_telefono, usuario) VALUES (34, 'Carmencitaa', 'carmencitaa@gmail.com', 1, '55665656', 'carmencitaa');
INSERT INTO public.usuario (id_usuario, clave, correo, id_rol, numero_telefono, usuario) VALUES (35, 'Nicorazon', 'nicorazon@gmail.com', 1, '12563252', 'nicorazon');
INSERT INTO public.usuario (id_usuario, clave, correo, id_rol, numero_telefono, usuario) VALUES (36, 'Rocionaja', 'rocionaja@gmail.com', 1, '55966487', 'rocionaja');
INSERT INTO public.usuario (id_usuario, clave, correo, id_rol, numero_telefono, usuario) VALUES (37, 'Anastasioa', 'anastasioa@gmail.com', 1, '58595854', 'anastasioa');
INSERT INTO public.usuario (id_usuario, clave, correo, id_rol, numero_telefono, usuario) VALUES (38, 'Wandib', 'wandib@gmail.com', 1, '12523521', 'wandib');
INSERT INTO public.usuario (id_usuario, clave, correo, id_rol, numero_telefono, usuario) VALUES (39, 'Pablored', 'pablored@gmail.com', 1, '15253564', 'pablored');
INSERT INTO public.usuario (id_usuario, clave, correo, id_rol, numero_telefono, usuario) VALUES (40, 'Dragonita', 'dragonita@gmail.com', 1, '45856954', 'dragonita');
INSERT INTO public.usuario (id_usuario, clave, correo, id_rol, numero_telefono, usuario) VALUES (41, 'Agostinita', 'agostinita@gmail.com', 1, '45585465', 'agostinita');
INSERT INTO public.usuario (id_usuario, clave, correo, id_rol, numero_telefono, usuario) VALUES (42, 'Eliasrodrigo', 'eliasrodrigo@gmail.com', 1, '23322121', 'eliasrodrigo');
INSERT INTO public.usuario (id_usuario, clave, correo, id_rol, numero_telefono, usuario) VALUES (43, 'Negristoman', 'negristoman@gmail.com', 1, '58878969', 'negristoman');
INSERT INTO public.usuario (id_usuario, clave, correo, id_rol, numero_telefono, usuario) VALUES (44, 'Lestaokay', 'lestaokay@gmail.com', 1, '23251414', 'lestaokey');
INSERT INTO public.usuario (id_usuario, clave, correo, id_rol, numero_telefono, usuario) VALUES (46, 'Aclaveroa', 'aclaveroa@gmail.com', 1, '96965858', 'aclaveroa');
INSERT INTO public.usuario (id_usuario, clave, correo, id_rol, numero_telefono, usuario) VALUES (45, 'Medicamento', 'medicamento@gmail.com', 1, '98563214', 'medicamento');
INSERT INTO public.usuario (id_usuario, clave, correo, id_rol, numero_telefono, usuario) VALUES (47, 'Gatitatita', ' gatitatita@gmail.com', 1, '45484652', 'gatitatita');
INSERT INTO public.usuario (id_usuario, clave, correo, id_rol, numero_telefono, usuario) VALUES (48, 'Mauritox', 'mauritoxd@gmail.com', 1, '52585654', 'mauritox');
INSERT INTO public.usuario (id_usuario, clave, correo, id_rol, numero_telefono, usuario) VALUES (49, 'Colacolo', 'colacolo@gmail.com', 1, '78528241', 'colacolo');
INSERT INTO public.usuario (id_usuario, clave, correo, id_rol, numero_telefono, usuario) VALUES (50, 'Gmascioni', 'gmascioni@gmail.com', 1, '85856969', 'gmascioni');
INSERT INTO public.usuario (id_usuario, clave, correo, id_rol, numero_telefono, usuario) VALUES (51, 'Brasilito', 'brasilito@gmail.com', 1, '65854844', 'brasilito');
INSERT INTO public.usuario (id_usuario, clave, correo, id_rol, numero_telefono, usuario) VALUES (52, 'Ondahonda', 'ondahonda@gmail.com', 1, '54856855', 'ondahonda');
INSERT INTO public.usuario (id_usuario, clave, correo, id_rol, numero_telefono, usuario) VALUES (53, 'Belencito', 'belencito@gmail.com', 1, '55645123', 'belencito');
INSERT INTO public.usuario (id_usuario, clave, correo, id_rol, numero_telefono, usuario) VALUES (54, 'Juanpaamp', 'juanpaamp@gmail.com', 1, '23235656', 'juanpaamp');
INSERT INTO public.usuario (id_usuario, clave, correo, id_rol, numero_telefono, usuario) VALUES (55, 'Miliagos', 'miliagos@gmail.com', 1, '21212112', 'miliagos');
INSERT INTO public.usuario (id_usuario, clave, correo, id_rol, numero_telefono, usuario) VALUES (56, 'Diegoski', 'diegoski@gmail.com', 1, '12525221', 'diegoski');
INSERT INTO public.usuario (id_usuario, clave, correo, id_rol, numero_telefono, usuario) VALUES (57, 'Gonzagonzalitos', 'gonzagonzalitos@gmail.com', 1, '88559988', 'gonzagonzalitos');
INSERT INTO public.usuario (id_usuario, clave, correo, id_rol, numero_telefono, usuario) VALUES (58, 'Salejandro', 'salejandro@gmail.com', 1, '58474564', 'salejandro');
INSERT INTO public.usuario (id_usuario, clave, correo, id_rol, numero_telefono, usuario) VALUES (59, 'Estugiamatei', 'estugiamatei@gmail.com', 1, '58441424', 'estugiamatei');
INSERT INTO public.usuario (id_usuario, clave, correo, id_rol, numero_telefono, usuario) VALUES (60, 'Xpazimena', 'xpazimena@gmail.com', 1, '75148234', 'xpazimena');
INSERT INTO public.usuario (id_usuario, clave, correo, id_rol, numero_telefono, usuario) VALUES (61, 'Jonatanguapo', 'jonatanguapo@gmail.com', 1, '58015230', 'jonatanguapo');

INSERT INTO public.facultad (id_facultad, nombre) VALUES (1, 'Facultad de Ingeniería');
INSERT INTO public.facultad (id_facultad, nombre) VALUES (3, 'Facultad de Liderazgo y Emprendimiento ');
INSERT INTO public.facultad (id_facultad, nombre) VALUES (4, 'Facultad de Ciencias Jurídicas');
INSERT INTO public.facultad (id_facultad, nombre) VALUES (5, 'Facultad de Medicina y Odontologia');
INSERT INTO public.facultad (id_facultad, nombre) VALUES (2, 'Facultad de Arquitectura y Diseño');

INSERT INTO public.estudiante (id_estudiante, carnet, correo_personal, dpi, jornada, nombre, id_facultad) VALUES (1, 1800321, 'josuehernandez@gmail.com', '0212457520321', 'N', 'Josue Hernandez', 1);
INSERT INTO public.estudiante (id_estudiante, carnet, correo_personal, dpi, jornada, nombre, id_facultad) VALUES (7, 1800125, 'israeljaja@gmail.com', '8523698745213', 'N', 'Israel Leluuu', 2);
INSERT INTO public.estudiante (id_estudiante, carnet, correo_personal, dpi, jornada, nombre, id_facultad) VALUES (3, 1800288, 'sofibarillas@gmail.com', '4856325874123', 'N', 'Sofia Barillas', 3);
INSERT INTO public.estudiante (id_estudiante, carnet, correo_personal, dpi, jornada, nombre, id_facultad) VALUES (2, 1800456, 'gersoncitoc@gmail.com', '0212457585201', 'N', 'Gerson Cua', 4);
INSERT INTO public.estudiante (id_estudiante, carnet, correo_personal, dpi, jornada, nombre, id_facultad) VALUES (4, 1800322, 'fideleiva@gmail.com', '0212457520584', 'N', 'Fidel Leiva', 5);
INSERT INTO public.estudiante (id_estudiante, carnet, correo_personal, dpi, jornada, nombre, id_facultad) VALUES (6, 1700125, 'rudycito@gmail.com', '0212454856321', 'N', 'Rudy Camposeco', 1);
INSERT INTO public.estudiante (id_estudiante, carnet, correo_personal, dpi, jornada, nombre, id_facultad) VALUES (8, 1800562, 'marquitosguti@gmail.com', '0212458542369', 'N', 'Marcos Gutierrez', 3);
INSERT INTO public.estudiante (id_estudiante, carnet, correo_personal, dpi, jornada, nombre, id_facultad) VALUES (9, 1801235, 'abbdelito@gmail.com', '4856982365789', 'N', 'Abbdel Machuca', 4);
INSERT INTO public.estudiante (id_estudiante, carnet, correo_personal, dpi, jornada, nombre, id_facultad) VALUES (10, 1800635, 'samujere@gmail.com', '4896532158798', 'N', 'Samuel Jerez', 5);
INSERT INTO public.estudiante (id_estudiante, carnet, correo_personal, dpi, jornada, nombre, id_facultad) VALUES (11, 1800542, 'maelymoran@gmail.com', '0258741036985', 'M', 'Maely Moran', 1);
INSERT INTO public.estudiante (id_estudiante, carnet, correo_personal, dpi, jornada, nombre, id_facultad) VALUES (5, 1800345, 'paulorosales@gmail.com', '1587420326589', 'N', 'Paulo Rosales', 2);
INSERT INTO public.estudiante (id_estudiante, carnet, correo_personal, dpi, jornada, nombre, id_facultad) VALUES (12, 1800120, 'estebandido12@gmail.com', '0001547852014', 'M', 'Esteban Martinez', 2);
INSERT INTO public.estudiante (id_estudiante, carnet, correo_personal, dpi, jornada, nombre, id_facultad) VALUES (13, 18612, 'andresitouwu@gmail.com', '1231231234561', 'M', 'Andres Cancinos', 3);
INSERT INTO public.estudiante (id_estudiante, carnet, correo_personal, dpi, jornada, nombre, id_facultad) VALUES (14, 1800012, 'luicito@gmail.com', '4561231234561', 'M', 'luis Perez', 4);
INSERT INTO public.estudiante (id_estudiante, carnet, correo_personal, dpi, jornada, nombre, id_facultad) VALUES (15, 1800014, 'alexisuwu@gmail.com', '3210321654987', 'M', 'Alexis Peña', 1);
INSERT INTO public.estudiante (id_estudiante, carnet, correo_personal, dpi, jornada, nombre, id_facultad) VALUES (16, 1800410, 'hidrotonica@gmail.com', '7410741074123', 'M', 'Axelle Fernandez', 5);
INSERT INTO public.estudiante (id_estudiante, carnet, correo_personal, dpi, jornada, nombre, id_facultad) VALUES (17, 1800149, 'nicorazon@gmail.com', '9516203847951', 'M', 'Nicolas Agustino', 2);
INSERT INTO public.estudiante (id_estudiante, carnet, correo_personal, dpi, jornada, nombre, id_facultad) VALUES (18, 1800018, 'carmencitaa@gmail.com', '7534231085963', 'M', 'Carmen Gutierrez', 3);
INSERT INTO public.estudiante (id_estudiante, carnet, correo_personal, dpi, jornada, nombre, id_facultad) VALUES (20, 1800170, 'rocionaja@gmail.com', '3111325412132', 'M', 'Rocio Palacios', 5);
INSERT INTO public.estudiante (id_estudiante, carnet, correo_personal, dpi, jornada, nombre, id_facultad) VALUES (21, 1800850, 'wandib@gmail.com', '8528521233292', 'N', 'Wanda Rotela', 1);
INSERT INTO public.estudiante (id_estudiante, carnet, correo_personal, dpi, jornada, nombre, id_facultad) VALUES (22, 1800851, 'agostinita@gmail.com', '6987410236987', 'N', 'Agos Palacio', 2);
INSERT INTO public.estudiante (id_estudiante, carnet, correo_personal, dpi, jornada, nombre, id_facultad) VALUES (23, 1800853, 'pablored@gmail.com', '1311221913139', 'N', 'Pablo Reddinton', 3);
INSERT INTO public.estudiante (id_estudiante, carnet, correo_personal, dpi, jornada, nombre, id_facultad) VALUES (24, 1800854, 'dragonita@gmail.com', '7896321478963', 'N', 'Diego Dragon', 4);
INSERT INTO public.estudiante (id_estudiante, carnet, correo_personal, dpi, jornada, nombre, id_facultad) VALUES (25, 1800855, 'negristoman@gmail.com', '1234561231231', 'N', 'Nel Toman', 5);
INSERT INTO public.estudiante (id_estudiante, carnet, correo_personal, dpi, jornada, nombre, id_facultad) VALUES (26, 1800856, 'eliasrodrigo@gmail.com', '0261593021456', 'M', 'Elias Rodrigo', 1);
INSERT INTO public.estudiante (id_estudiante, carnet, correo_personal, dpi, jornada, nombre, id_facultad) VALUES (27, 1800857, 'lestaokay@gmail.com', '3214561230315', 'M', 'Lestat Plays', 2);
INSERT INTO public.estudiante (id_estudiante, carnet, correo_personal, dpi, jornada, nombre, id_facultad) VALUES (28, 1800858, 'aclaveroa@gmail.com', '2321232123213', 'M', 'David Clavero', 3);
INSERT INTO public.estudiante (id_estudiante, carnet, correo_personal, dpi, jornada, nombre, id_facultad) VALUES (29, 1800859, 'medicamento@gmail.com', '9191919116569', 'M', 'Medilo Camentos', 4);
INSERT INTO public.estudiante (id_estudiante, carnet, correo_personal, dpi, jornada, nombre, id_facultad) VALUES (30, 1800861, 'gatitatita@gmail.com', '4040404040147', 'N', 'Gaspi Carrasco', 1);
INSERT INTO public.estudiante (id_estudiante, carnet, correo_personal, dpi, jornada, nombre, id_facultad) VALUES (31, 1800860, 'mauritoxd@gmail.com', '5252525252589', 'M', 'Mauro Reyna', 5);
INSERT INTO public.estudiante (id_estudiante, carnet, correo_personal, dpi, jornada, nombre, id_facultad) VALUES (32, 1800862, 'colacolo@gmail.com', '8080808080148', 'N', 'Carolina Castillo', 2);
INSERT INTO public.estudiante (id_estudiante, carnet, correo_personal, dpi, jornada, nombre, id_facultad) VALUES (33, 1800863, 'gmascioni@gmail.com', '7070707078963', 'N', 'Gabriel Mascioni', 3);
INSERT INTO public.estudiante (id_estudiante, carnet, correo_personal, dpi, jornada, nombre, id_facultad) VALUES (34, 1800864, 'brasilito@gmail.com', '5050507070789', 'N', 'Adrian Brassiri', 4);
INSERT INTO public.estudiante (id_estudiante, carnet, correo_personal, dpi, jornada, nombre, id_facultad) VALUES (35, 1800865, 'ondahonda@gmail.com', '7897897897897', 'N', 'Marcos Honda', 5);
INSERT INTO public.estudiante (id_estudiante, carnet, correo_personal, dpi, jornada, nombre, id_facultad) VALUES (36, 1800866, 'belencito@gmail.com', '5050258520505', 'M', 'Belen Carllim', 1);
INSERT INTO public.estudiante (id_estudiante, carnet, correo_personal, dpi, jornada, nombre, id_facultad) VALUES (37, 1800867, 'juanpaamp@gmail.com', '1010120230303', 'M', 'Juan Pastelli', 2);
INSERT INTO public.estudiante (id_estudiante, carnet, correo_personal, dpi, jornada, nombre, id_facultad) VALUES (38, 1800868, 'miliagos@gmail.com', '7070808090158', 'M', 'Mili Agostino', 3);
INSERT INTO public.estudiante (id_estudiante, carnet, correo_personal, dpi, jornada, nombre, id_facultad) VALUES (39, 1800869, 'diegoski@gmail.com', '2222222222854', 'M', 'Diego Hernandez', 4);
INSERT INTO public.estudiante (id_estudiante, carnet, correo_personal, dpi, jornada, nombre, id_facultad) VALUES (40, 1800870, 'gonzagonzalitos@gmail.com', '7080251637950', 'M', 'Gonza Natan', 5);
INSERT INTO public.estudiante (id_estudiante, carnet, correo_personal, dpi, jornada, nombre, id_facultad) VALUES (41, 1800810, 'anastasioa@gmail.com', '1258741036985', 'M', 'Silvano Ramirez', 4);

INSERT INTO public.curso (id_curso, codigo, nombre, sala, seccion) VALUES (2, 'W5E89R8y', 'Seminario de Sistemas', 'https://meet.google.com/tyj-ppyz-wya?authuser=0&hs=179', 'A');
INSERT INTO public.curso (id_curso, codigo, nombre, sala, seccion) VALUES (4, 'ew78ew55w8eggf', 'Manejo Estrategico del Recursos Humanos ', 'https://meet.google.com/tyj-ppyz-wya?authuser=0&hs=179', 'A');
INSERT INTO public.curso (id_curso, codigo, nombre, sala, seccion) VALUES (1, 'jsuodlajyd', 'Seguridad informatica', 'https://meet.google.com/tyj-ppyz-wya?authuser=0&hs=179', 'A');
INSERT INTO public.curso (id_curso, codigo, nombre, sala, seccion) VALUES (8, 'J5hy7T74d', 'Introduccion a Business Analylics', 'https://meet.google.com/tyj-ppyz-wya?authuser=0&hs=179', 'A');
INSERT INTO public.curso (id_curso, codigo, nombre, sala, seccion) VALUES (9, 'jsuodlajys', 'Arquitectura de negocios', 'https://meet.google.com/tyj-ppyz-wya?authuser=0&hs=179', 'A');
INSERT INTO public.curso (id_curso, codigo, nombre, sala, seccion) VALUES (11, '3ju0065', 'Finanzas', 'https://meet.google.com/tyj-ppyz-wya?authuser=0&hs=179', 'A');
INSERT INTO public.curso (id_curso, codigo, nombre, sala, seccion) VALUES (12, '3CE0101', 'Administración de Proyectos Tecnológicos', 'https://meet.google.com/tyj-ppyz-wya?authuser=0&hs=179', 'A');
INSERT INTO public.curso (id_curso, codigo, nombre, sala, seccion) VALUES (13, '3CJ0001', 'Gobierno', 'https://meet.google.com/tyj-ppyz-wya?authuser=0&hs=179', 'A');
INSERT INTO public.curso (id_curso, codigo, nombre, sala, seccion) VALUES (16, '3IN0004', 'Ante Proyecto', 'https://meet.google.com/tyj-ppyz-wya?authuser=0&hs=179', 'A');
INSERT INTO public.curso (id_curso, codigo, nombre, sala, seccion) VALUES (17, '3OD0065', 'Arquitectura de Negocios I', 'https://meet.google.com/tyj-ppyz-wya?authuser=0&hs=179', 'A');
INSERT INTO public.curso (id_curso, codigo, nombre, sala, seccion) VALUES (19, '78ER78YU', 'Seminario Estado Actual de la Tecnologia', 'https://meet.google.com/tyj-ppyz-wya?authuser=0&hs=179', 'A');
INSERT INTO public.curso (id_curso, codigo, nombre, sala, seccion) VALUES (21, '23MA0029', 'Estadistica Matematica II', 'https://meet.google.com/tyj-ppyz-wya?authuser=0&hs=179', 'A');
INSERT INTO public.curso (id_curso, codigo, nombre, sala, seccion) VALUES (23, '88HJY78SH', 'Ingenieria de Software', 'https://meet.google.com/tyj-ppyz-wya?authuser=0&hs=179', 'A');
INSERT INTO public.curso (id_curso, codigo, nombre, sala, seccion) VALUES (24, 'YYU67GTYs', 'Programación IV', 'https://meet.google.com/tyj-ppyz-wya?authuser=0&hs=179', 'A');
INSERT INTO public.curso (id_curso, codigo, nombre, sala, seccion) VALUES (26, 'RRT54A4S5', 'Arquitectura de Computadoras', 'https://meet.google.com/tyj-ppyz-wya?authuser=0&hs=179', 'A');
INSERT INTO public.curso (id_curso, codigo, nombre, sala, seccion) VALUES (27, '3IN0002', 'Pensamiento Creativo Sintético', 'https://meet.google.com/tyj-ppyz-wya?authuser=0&hs=179', 'A');
INSERT INTO public.curso (id_curso, codigo, nombre, sala, seccion) VALUES (28, 'EE4T6657', 'Electronica I', 'https://meet.google.com/tyj-ppyz-wya?authuser=0&hs=179', 'A');
INSERT INTO public.curso (id_curso, codigo, nombre, sala, seccion) VALUES (31, '3SU0004', 'Innovación y Creatividad', 'https://meet.google.com/tyj-ppyz-wya?authuser=0&hs=179', 'A');
INSERT INTO public.curso (id_curso, codigo, nombre, sala, seccion) VALUES (6, 'q6ghy85hf', 'Auditoria de Sistemas', 'https://meet.google.com/tyj-ppyz-wya?authuser=0&hs=179', 'A');
INSERT INTO public.curso (id_curso, codigo, nombre, sala, seccion) VALUES (18, '88CF34L', 'Pensamiento Práctico Contextual', 'https://meet.google.com/tyj-ppyz-wya?authuser=0&hs=179', 'A');
INSERT INTO public.curso (id_curso, codigo, nombre, sala, seccion) VALUES (30, '3MA0028', ' Estadística Matemática I', 'https://meet.google.com/tyj-ppyz-wya?authuser=0&hs=179', 'A');
INSERT INTO public.curso (id_curso, codigo, nombre, sala, seccion) VALUES (3, 'W5E8R88Y5f', 'Sistemas Expertos', 'https://meet.google.com/tyj-ppyz-wya?authuser=0&hs=179', 'A');
INSERT INTO public.curso (id_curso, codigo, nombre, sala, seccion) VALUES (5, 'kd522fe8w9', 'Cosmovision II', 'https://meet.google.com/tyj-ppyz-wya?authuser=0&hs=179', 'A');
INSERT INTO public.curso (id_curso, codigo, nombre, sala, seccion) VALUES (7, 'wkju856hsyt', 'Sistemas Operativos', 'https://meet.google.com/tyj-ppyz-wya?authuser=0&hs=179', 'A');
INSERT INTO public.curso (id_curso, codigo, nombre, sala, seccion) VALUES (10, '3hydus65', 'Sistemas y Tecnologia Web', 'https://meet.google.com/tyj-ppyz-wya?authuser=0&hs=179', 'A');
INSERT INTO public.curso (id_curso, codigo, nombre, sala, seccion) VALUES (14, '3CT0112', 'Base de Datos II', 'https://meet.google.com/tyj-ppyz-wya?authuser=0&hs=179', 'A');
INSERT INTO public.curso (id_curso, codigo, nombre, sala, seccion) VALUES (15, '3CT0113', 'Compiladores', 'https://meet.google.com/tyj-ppyz-wya?authuser=0&hs=179', 'A');
INSERT INTO public.curso (id_curso, codigo, nombre, sala, seccion) VALUES (20, '40C0065', 'Base de datos I', 'https://meet.google.com/tyj-ppyz-wya?authuser=0&hs=179', 'A');
INSERT INTO public.curso (id_curso, codigo, nombre, sala, seccion) VALUES (22, 'LKIYU675', 'Emprendimiento', 'https://meet.google.com/tyj-ppyz-wya?authuser=0&hs=179', 'A');
INSERT INTO public.curso (id_curso, codigo, nombre, sala, seccion) VALUES (25, 'WOL897HYDS', 'Fisica IV', 'https://meet.google.com/tyj-ppyz-wya?authuser=0&hs=179', 'A');
INSERT INTO public.curso (id_curso, codigo, nombre, sala, seccion) VALUES (29, '3MA0017', 'Ecuaciones Diferenciales', 'https://meet.google.com/tyj-ppyz-wya?authuser=0&hs=179', 'A');



INSERT INTO public.coordinador (id_coordinador, correo_personal, dpi, nombre, telefono, id_facultad) VALUES (1, 'salejandro@gmail.com', '3705669870101', 'Alejandro Santos', 58474564, 1);
INSERT INTO public.coordinador (id_coordinador, correo_personal, dpi, nombre, telefono, id_facultad) VALUES (3, 'xpazimena@gmail.com', '5747126950101', 'Ximena Paz', 75148234, 3);
INSERT INTO public.coordinador (id_coordinador, correo_personal, dpi, nombre, telefono, id_facultad) VALUES (4, 'estugiamatei@gmail.com', '3708957410101', 'Estuardo Giamatei', 58441424, 2);
INSERT INTO public.coordinador (id_coordinador, correo_personal, dpi, nombre, telefono, id_facultad) VALUES (2, 'jonatanguapo@gmail.com', '415751470101', 'Jonatan Sandoval', 58015230, 4);

INSERT INTO public.catedratico (id_catedratico, correo_personal, dpi, edad, jornada, nombre, id_facultad) VALUES (2, 'atorres@gmail.com', '1526426560204', 35, 'N', 'Angel Torres', 1);
INSERT INTO public.catedratico (id_catedratico, correo_personal, dpi, edad, jornada, nombre, id_facultad) VALUES (4, 'rchocr@gmail.com', '8945623657415', 33, 'N', 'Rosa Elizabeth Choc Reyes', 2);
INSERT INTO public.catedratico (id_catedratico, correo_personal, dpi, edad, jornada, nombre, id_facultad) VALUES (1, 'ecrodriguez@gmail.com', '5678946523145', 27, 'N', 'Elias David Cúa Rodriguez', 2);
INSERT INTO public.catedratico (id_catedratico, correo_personal, dpi, edad, jornada, nombre, id_facultad) VALUES (3, 'etorres@gmail.com', '2356897465321', 40, 'N', 'Eswin Giovanni Reyes Tello', 2);
INSERT INTO public.catedratico (id_catedratico, correo_personal, dpi, edad, jornada, nombre, id_facultad) VALUES (5, 'fmartinez@gmail.com', '7896541236547', 38, 'N', 'Alejandro Martinez Arriaza', 2);
INSERT INTO public.catedratico (id_catedratico, correo_personal, dpi, edad, jornada, nombre, id_facultad) VALUES (7, 'laguilarh@gmail.com', '2345469874125', 48, 'N', 'Luis Aguilar Hernández', 2);
INSERT INTO public.catedratico (id_catedratico, correo_personal, dpi, edad, jornada, nombre, id_facultad) VALUES (6, 'morozcop@gmail.com', '1023456987485', 35, 'N', 'Marcos Alfredo Orozco de Paz', 2);
INSERT INTO public.catedratico (id_catedratico, correo_personal, dpi, edad, jornada, nombre, id_facultad) VALUES (8, 'mlopezl@gmail.com', '4578963214569', 45, 'N', 'Mynor López de León', 2);
INSERT INTO public.catedratico (id_catedratico, correo_personal, dpi, edad, jornada, nombre, id_facultad) VALUES (9, 'smendez@gmail.com', '5689741236547', 45, 'N', 'Sergio Méndez', 2);
INSERT INTO public.catedratico (id_catedratico, correo_personal, dpi, edad, jornada, nombre, id_facultad) VALUES (10, 'eherrarte@gmail.com', '3465987123659', 42, 'N', 'Eddy Herrarte Cabrera', 2);
INSERT INTO public.catedratico (id_catedratico, correo_personal, dpi, edad, jornada, nombre, id_facultad) VALUES (11, 'eramirez@gmail.com', '3465987123659', 27, 'N', 'Enrrique Ramirez Pérez', 2);
INSERT INTO public.catedratico (id_catedratico, correo_personal, dpi, edad, jornada, nombre, id_facultad) VALUES (12, 'rbianchi@gmail.com', '9856412365478', 55, 'N', 'Ricardo Bianchi', 2);
INSERT INTO public.catedratico (id_catedratico, correo_personal, dpi, edad, jornada, nombre, id_facultad) VALUES (13, 'fayala@gmail.com', '5684791326548', 60, 'N', 'Félix Ayala López', 2);
INSERT INTO public.catedratico (id_catedratico, correo_personal, dpi, edad, jornada, nombre, id_facultad) VALUES (14, 'fcabezas@gmail.com', '1023654789652', 39, 'N', 'Fabian Cabezas Fonseca', 2);
INSERT INTO public.catedratico (id_catedratico, correo_personal, dpi, edad, jornada, nombre, id_facultad) VALUES (15, 'ccalderon@gmail.com', '4789653214569', 43, 'N', 'César Calderon Barillas', 2);
INSERT INTO public.catedratico (id_catedratico, correo_personal, dpi, edad, jornada, nombre, id_facultad) VALUES (16, 'eambrosio@gmail.com', '5897463215698', 40, 'N', 'Esther Ambrosio', 2);
INSERT INTO public.catedratico (id_catedratico, correo_personal, dpi, edad, jornada, nombre, id_facultad) VALUES (17, 'rmendia@gmail.com', '3214569874563', 75, 'N', 'Rafael Mendía', 2);
INSERT INTO public.catedratico (id_catedratico, correo_personal, dpi, edad, jornada, nombre, id_facultad) VALUES (18, 'asanchez@gmail.com', '5698741236589', 55, 'N', 'ÁLvaro Sánchez', 2);
INSERT INTO public.catedratico (id_catedratico, correo_personal, dpi, edad, jornada, nombre, id_facultad) VALUES (19, 'hfaggioly@gmail.com', '2156439874652', 32, 'N', 'Héctor Faggioly Garnica', 2);

INSERT INTO public.asignacion_horario_curso (id_asignacion_horario_curso, id_curso, id_horario) VALUES (1, 6, 6);
INSERT INTO public.asignacion_horario_curso (id_asignacion_horario_curso, id_curso, id_horario) VALUES (7, 7, 7);
INSERT INTO public.asignacion_horario_curso (id_asignacion_horario_curso, id_curso, id_horario) VALUES (8, 8, 8);
INSERT INTO public.asignacion_horario_curso (id_asignacion_horario_curso, id_curso, id_horario) VALUES (12, 11, 11);
INSERT INTO public.asignacion_horario_curso (id_asignacion_horario_curso, id_curso, id_horario) VALUES (21, 21, 21);
INSERT INTO public.asignacion_horario_curso (id_asignacion_horario_curso, id_curso, id_horario) VALUES (27, 29, 4);
INSERT INTO public.asignacion_horario_curso (id_asignacion_horario_curso, id_curso, id_horario) VALUES (3, 3, 3);
INSERT INTO public.asignacion_horario_curso (id_asignacion_horario_curso, id_curso, id_horario) VALUES (14, 15, 15);
INSERT INTO public.asignacion_horario_curso (id_asignacion_horario_curso, id_curso, id_horario) VALUES (17, 17, 17);
INSERT INTO public.asignacion_horario_curso (id_asignacion_horario_curso, id_curso, id_horario) VALUES (25, 25, 25);
INSERT INTO public.asignacion_horario_curso (id_asignacion_horario_curso, id_curso, id_horario) VALUES (31, 31, 6);
INSERT INTO public.asignacion_horario_curso (id_asignacion_horario_curso, id_curso, id_horario) VALUES (4, 2, 2);
INSERT INTO public.asignacion_horario_curso (id_asignacion_horario_curso, id_curso, id_horario) VALUES (13, 13, 13);
INSERT INTO public.asignacion_horario_curso (id_asignacion_horario_curso, id_curso, id_horario) VALUES (22, 23, 23);
INSERT INTO public.asignacion_horario_curso (id_asignacion_horario_curso, id_curso, id_horario) VALUES (28, 30, 5);
INSERT INTO public.asignacion_horario_curso (id_asignacion_horario_curso, id_curso, id_horario) VALUES (5, 1, 1);
INSERT INTO public.asignacion_horario_curso (id_asignacion_horario_curso, id_curso, id_horario) VALUES (15, 14, 14);
INSERT INTO public.asignacion_horario_curso (id_asignacion_horario_curso, id_curso, id_horario) VALUES (16, 16, 16);
INSERT INTO public.asignacion_horario_curso (id_asignacion_horario_curso, id_curso, id_horario) VALUES (23, 24, 24);
INSERT INTO public.asignacion_horario_curso (id_asignacion_horario_curso, id_curso, id_horario) VALUES (29, 28, 3);
INSERT INTO public.asignacion_horario_curso (id_asignacion_horario_curso, id_curso, id_horario) VALUES (6, 4, 4);
INSERT INTO public.asignacion_horario_curso (id_asignacion_horario_curso, id_curso, id_horario) VALUES (11, 12, 12);
INSERT INTO public.asignacion_horario_curso (id_asignacion_horario_curso, id_curso, id_horario) VALUES (19, 19, 19);
INSERT INTO public.asignacion_horario_curso (id_asignacion_horario_curso, id_curso, id_horario) VALUES (24, 22, 22);
INSERT INTO public.asignacion_horario_curso (id_asignacion_horario_curso, id_curso, id_horario) VALUES (26, 26, 1);
INSERT INTO public.asignacion_horario_curso (id_asignacion_horario_curso, id_curso, id_horario) VALUES (2, 5, 5);
INSERT INTO public.asignacion_horario_curso (id_asignacion_horario_curso, id_curso, id_horario) VALUES (9, 9, 9);
INSERT INTO public.asignacion_horario_curso (id_asignacion_horario_curso, id_curso, id_horario) VALUES (10, 10, 10);
INSERT INTO public.asignacion_horario_curso (id_asignacion_horario_curso, id_curso, id_horario) VALUES (18, 18, 18);
INSERT INTO public.asignacion_horario_curso (id_asignacion_horario_curso, id_curso, id_horario) VALUES (20, 20, 20);
INSERT INTO public.asignacion_horario_curso (id_asignacion_horario_curso, id_curso, id_horario) VALUES (30, 27, 2);

INSERT INTO public.asignacion_catedratico_curso (id_asignacion_catedratico_curso, id_catedratico, id_curso) VALUES (1, 1, 14);
INSERT INTO public.asignacion_catedratico_curso (id_asignacion_catedratico_curso, id_catedratico, id_curso) VALUES (7, 2, 30);
INSERT INTO public.asignacion_catedratico_curso (id_asignacion_catedratico_curso, id_catedratico, id_curso) VALUES (4, 1, 2);
INSERT INTO public.asignacion_catedratico_curso (id_asignacion_catedratico_curso, id_catedratico, id_curso) VALUES (6, 2, 21);
INSERT INTO public.asignacion_catedratico_curso (id_asignacion_catedratico_curso, id_catedratico, id_curso) VALUES (2, 1, 25);
INSERT INTO public.asignacion_catedratico_curso (id_asignacion_catedratico_curso, id_catedratico, id_curso) VALUES (5, 2, 19);
INSERT INTO public.asignacion_catedratico_curso (id_asignacion_catedratico_curso, id_catedratico, id_curso) VALUES (3, 1, 10);
INSERT INTO public.asignacion_catedratico_curso (id_asignacion_catedratico_curso, id_catedratico, id_curso) VALUES (8, 3, 1);
INSERT INTO public.asignacion_catedratico_curso (id_asignacion_catedratico_curso, id_catedratico, id_curso) VALUES (9, 4, 3);
INSERT INTO public.asignacion_catedratico_curso (id_asignacion_catedratico_curso, id_catedratico, id_curso) VALUES (10, 5, 4);
INSERT INTO public.asignacion_catedratico_curso (id_asignacion_catedratico_curso, id_catedratico, id_curso) VALUES (11, 6, 5);
INSERT INTO public.asignacion_catedratico_curso (id_asignacion_catedratico_curso, id_catedratico, id_curso) VALUES (12, 7, 15);
INSERT INTO public.asignacion_catedratico_curso (id_asignacion_catedratico_curso, id_catedratico, id_curso) VALUES (13, 7, 6);
INSERT INTO public.asignacion_catedratico_curso (id_asignacion_catedratico_curso, id_catedratico, id_curso) VALUES (14, 8, 7);
INSERT INTO public.asignacion_catedratico_curso (id_asignacion_catedratico_curso, id_catedratico, id_curso) VALUES (15, 8, 18);
INSERT INTO public.asignacion_catedratico_curso (id_asignacion_catedratico_curso, id_catedratico, id_curso) VALUES (16, 9, 8);
INSERT INTO public.asignacion_catedratico_curso (id_asignacion_catedratico_curso, id_catedratico, id_curso) VALUES (18, 8, 23);
INSERT INTO public.asignacion_catedratico_curso (id_asignacion_catedratico_curso, id_catedratico, id_curso) VALUES (17, 8, 22);
INSERT INTO public.asignacion_catedratico_curso (id_asignacion_catedratico_curso, id_catedratico, id_curso) VALUES (20, 10, 9);
INSERT INTO public.asignacion_catedratico_curso (id_asignacion_catedratico_curso, id_catedratico, id_curso) VALUES (19, 10, 17);
INSERT INTO public.asignacion_catedratico_curso (id_asignacion_catedratico_curso, id_catedratico, id_curso) VALUES (21, 11, 11);
INSERT INTO public.asignacion_catedratico_curso (id_asignacion_catedratico_curso, id_catedratico, id_curso) VALUES (22, 12, 12);
INSERT INTO public.asignacion_catedratico_curso (id_asignacion_catedratico_curso, id_catedratico, id_curso) VALUES (23, 14, 16);
INSERT INTO public.asignacion_catedratico_curso (id_asignacion_catedratico_curso, id_catedratico, id_curso) VALUES (24, 13, 13);
INSERT INTO public.asignacion_catedratico_curso (id_asignacion_catedratico_curso, id_catedratico, id_curso) VALUES (25, 14, 28);
INSERT INTO public.asignacion_catedratico_curso (id_asignacion_catedratico_curso, id_catedratico, id_curso) VALUES (26, 15, 20);
INSERT INTO public.asignacion_catedratico_curso (id_asignacion_catedratico_curso, id_catedratico, id_curso) VALUES (27, 16, 24);
INSERT INTO public.asignacion_catedratico_curso (id_asignacion_catedratico_curso, id_catedratico, id_curso) VALUES (28, 17, 27);
INSERT INTO public.asignacion_catedratico_curso (id_asignacion_catedratico_curso, id_catedratico, id_curso) VALUES (29, 17, 26);
INSERT INTO public.asignacion_catedratico_curso (id_asignacion_catedratico_curso, id_catedratico, id_curso) VALUES (30, 18, 29);
INSERT INTO public.asignacion_catedratico_curso (id_asignacion_catedratico_curso, id_catedratico, id_curso) VALUES (31, 19, 31);


*/